-- phpMyAdmin SQL Dump
-- version 4.1.6
-- http://www.phpmyadmin.net
--
-- Host: 127.0.0.1
-- Generation Time: May 20, 2014 at 01:49 AM
-- Server version: 5.6.16
-- PHP Version: 5.5.9

SET SQL_MODE = "NO_AUTO_VALUE_ON_ZERO";
SET time_zone = "+00:00";


/*!40101 SET @OLD_CHARACTER_SET_CLIENT=@@CHARACTER_SET_CLIENT */;
/*!40101 SET @OLD_CHARACTER_SET_RESULTS=@@CHARACTER_SET_RESULTS */;
/*!40101 SET @OLD_COLLATION_CONNECTION=@@COLLATION_CONNECTION */;
/*!40101 SET NAMES utf8 */;

--
-- Database: `perperson`
--

-- --------------------------------------------------------

--
-- Table structure for table `apikey`
--

CREATE TABLE IF NOT EXISTS `apikey` (
  `keyid` int(11) NOT NULL AUTO_INCREMENT,
  `url` varchar(200) NOT NULL,
  `userid` int(11) NOT NULL,
  `key` varchar(200) NOT NULL,
  PRIMARY KEY (`keyid`)
) ENGINE=InnoDB  DEFAULT CHARSET=latin1 AUTO_INCREMENT=15 ;

--
-- Dumping data for table `apikey`
--

INSERT INTO `apikey` (`keyid`, `url`, `userid`, `key`) VALUES
(10, 'public', 5, '570938f00c1f30c59530b15fc930dd0f'),
(11, 'test', 6, 'ccd2d123f4ec4d777fc6ef757d0fb642'),
(12, 'localhost', 6, 'b93e78c67fd4ae3ee626d8ec0c412dec'),
(14, 'dimics.com', 5, '0272139a5b83cf5bbe88f311c2796670');

-- --------------------------------------------------------

--
-- Table structure for table `country`
--

CREATE TABLE IF NOT EXISTS `country` (
  `country_code` int(5) NOT NULL,
  `name` varchar(150) NOT NULL,
  `alpha_2` varchar(100) NOT NULL,
  `alpha_3` varchar(100) NOT NULL,
  PRIMARY KEY (`country_code`)
) ENGINE=InnoDB DEFAULT CHARSET=latin1;

--
-- Dumping data for table `country`
--

INSERT INTO `country` (`country_code`, `name`, `alpha_2`, `alpha_3`) VALUES
(4, 'Afghanistan', 'AF', 'AFG'),
(8, 'Albania', 'AL', 'ALB'),
(10, 'Antarctica', 'AQ', 'ATA'),
(12, 'Algeria', 'DZ', 'DZA'),
(16, 'American Samoa', 'AS', 'ASM'),
(20, 'Andorra', 'AD', 'AND'),
(24, 'Angola', 'AO', 'AGO'),
(28, 'Antigua and Barbuda', 'AG', 'ATG'),
(31, 'Azerbaijan', 'AZ', 'AZE'),
(32, 'Argentina', 'AR', 'ARG'),
(36, 'Australia', 'AU', 'AUS'),
(40, 'Austria', 'AT', 'AUT'),
(44, 'Bahamas', 'BS', 'BHS'),
(48, 'Bahrain', 'BH', 'BHR'),
(50, 'Bangladesh', 'BD', 'BGD'),
(51, 'Armenia', 'AM', 'ARM'),
(52, 'Barbados', 'BB', 'BRB'),
(56, 'Belgium', 'BE', 'BEL'),
(60, 'Bermuda', 'BM', 'BMU'),
(64, 'Bhutan', 'BT', 'BTN'),
(68, 'Bolivia, Plurinational State of', 'BO', 'BOL'),
(70, 'Bosnia and Herzegovina', 'BA', 'BIH'),
(72, 'Botswana', 'BW', 'BWA'),
(74, 'Bouvet Island', 'BV', 'BVT'),
(76, 'Brazil', 'BR', 'BRA'),
(84, 'Belize', 'BZ', 'BLZ'),
(86, 'British Indian Ocean Territory', 'IO', 'IOT'),
(90, 'Solomon Islands', 'SB', 'SLB'),
(92, 'Virgin Islands, British', 'VG', 'VGB'),
(96, 'Brunei Darussalam', 'BN', 'BRN'),
(100, 'Bulgaria', 'BG', 'BGR'),
(104, 'Myanmar', 'MM', 'MMR'),
(108, 'Burundi', 'BI', 'BDI'),
(112, 'Belarus', 'BY', 'BLR'),
(116, 'Cambodia', 'KH', 'KHM'),
(120, 'Cameroon', 'CM', 'CMR'),
(124, 'Canada', 'CA', 'CAN'),
(132, 'Cape Verde', 'CV', 'CPV'),
(136, 'Cayman Islands', 'KY', 'CYM'),
(140, 'Central African Republic', 'CF', 'CAF'),
(144, 'Sri Lanka', 'LK', 'LKA'),
(148, 'Chad', 'TD', 'TCD'),
(152, 'Chile', 'CL', 'CHL'),
(156, 'China', 'CN', 'CHN'),
(158, 'Taiwan, Province of China', 'TW', 'TWN'),
(162, 'Christmas Island', 'CX', 'CXR'),
(166, 'Cocos (Keeling) Islands', 'CC', 'CCK'),
(170, 'Colombia', 'CO', 'COL'),
(174, 'Comoros', 'KM', 'COM'),
(175, 'Mayotte', 'YT', 'MYT'),
(178, 'Congo', 'CG', 'COG'),
(180, 'Congo, the Democratic Republic of the', 'CD', 'COD'),
(184, 'Cook Islands', 'CK', 'COK'),
(188, 'Costa Rica', 'CR', 'CRI'),
(191, 'Croatia', 'HR', 'HRV'),
(192, 'Cuba', 'CU', 'CUB'),
(196, 'Cyprus', 'CY', 'CYP'),
(203, 'Czech Republic', 'CZ', 'CZE'),
(204, 'Benin', 'BJ', 'BEN'),
(208, 'Denmark', 'DK', 'DNK'),
(212, 'Dominica', 'DM', 'DMA'),
(214, 'Dominican Republic', 'DO', 'DOM'),
(218, 'Ecuador', 'EC', 'ECU'),
(222, 'El Salvador', 'SV', 'SLV'),
(226, 'Equatorial Guinea', 'GQ', 'GNQ'),
(231, 'Ethiopia', 'ET', 'ETH'),
(232, 'Eritrea', 'ER', 'ERI'),
(233, 'Estonia', 'EE', 'EST'),
(234, 'Faroe Islands', 'FO', 'FRO'),
(238, 'Falkland Islands (Malvinas)', 'FK', 'FLK'),
(239, 'South Georgia and the South Sandwich Islands', 'GS', 'SGS'),
(242, 'Fiji', 'FJ', 'FJI'),
(246, 'Finland', 'FI', 'FIN'),
(248, 'Åland Islands', 'AX', 'ALA'),
(250, 'France', 'FR', 'FRA'),
(254, 'French Guiana', 'GF', 'GUF'),
(258, 'French Polynesia', 'PF', 'PYF'),
(260, 'French Southern Territories', 'TF', 'ATF'),
(262, 'Djibouti', 'DJ', 'DJI'),
(266, 'Gabon', 'GA', 'GAB'),
(268, 'Georgia', 'GE', 'GEO'),
(270, 'Gambia', 'GM', 'GMB'),
(275, 'Palestinian Territory, Occupied', 'PS', 'PSE'),
(276, 'Germany', 'DE', 'DEU'),
(288, 'Ghana', 'GH', 'GHA'),
(292, 'Gibraltar', 'GI', 'GIB'),
(296, 'Kiribati', 'KI', 'KIR'),
(300, 'Greece', 'GR', 'GRC'),
(304, 'Greenland', 'GL', 'GRL'),
(308, 'Grenada', 'GD', 'GRD'),
(312, 'Guadeloupe', 'GP', 'GLP'),
(316, 'Guam', 'GU', 'GUM'),
(320, 'Guatemala', 'GT', 'GTM'),
(324, 'Guinea', 'GN', 'GIN'),
(328, 'Guyana', 'GY', 'GUY'),
(332, 'Haiti', 'HT', 'HTI'),
(334, 'Heard Island and McDonald Islands', 'HM', 'HMD'),
(336, 'Holy See (Vatican City State)', 'VA', 'VAT'),
(340, 'Honduras', 'HN', 'HND'),
(344, 'Hong Kong', 'HK', 'HKG'),
(348, 'Hungary', 'HU', 'HUN'),
(352, 'Iceland', 'IS', 'ISL'),
(356, 'India', 'IN', 'IND'),
(360, 'Indonesia', 'ID', 'IDN'),
(364, 'Iran, Islamic Republic of', 'IR', 'IRN'),
(368, 'Iraq', 'IQ', 'IRQ'),
(372, 'Ireland', 'IE', 'IRL'),
(376, 'Israel', 'IL', 'ISR'),
(380, 'Italy', 'IT', 'ITA'),
(384, 'Côte d''Ivoire', 'CI', 'CIV'),
(388, 'Jamaica', 'JM', 'JAM'),
(392, 'Japan', 'JP', 'JPN'),
(398, 'Kazakhstan', 'KZ', 'KAZ'),
(400, 'Jordan', 'JO', 'JOR'),
(404, 'Kenya', 'KE', 'KEN'),
(408, 'Korea, Democratic People''s Republic of', 'KP', 'PRK'),
(410, 'Korea, Republic of', 'KR', 'KOR'),
(414, 'Kuwait', 'KW', 'KWT'),
(417, 'Kyrgyzstan', 'KG', 'KGZ'),
(418, 'Lao People''s Democratic Republic', 'LA', 'LAO'),
(422, 'Lebanon', 'LB', 'LBN'),
(426, 'Lesotho', 'LS', 'LSO'),
(428, 'Latvia', 'LV', 'LVA'),
(430, 'Liberia', 'LR', 'LBR'),
(434, 'Libya', 'LY', 'LBY'),
(438, 'Liechtenstein', 'LI', 'LIE'),
(440, 'Lithuania', 'LT', 'LTU'),
(442, 'Luxembourg', 'LU', 'LUX'),
(446, 'Macao', 'MO', 'MAC'),
(450, 'Madagascar', 'MG', 'MDG'),
(454, 'Malawi', 'MW', 'MWI'),
(458, 'Malaysia', 'MY', 'MYS'),
(462, 'Maldives', 'MV', 'MDV'),
(466, 'Mali', 'ML', 'MLI'),
(470, 'Malta', 'MT', 'MLT'),
(474, 'Martinique', 'MQ', 'MTQ'),
(478, 'Mauritania', 'MR', 'MRT'),
(480, 'Mauritius', 'MU', 'MUS'),
(484, 'Mexico', 'MX', 'MEX'),
(492, 'Monaco', 'MC', 'MCO'),
(496, 'Mongolia', 'MN', 'MNG'),
(498, 'Moldova, Republic of', 'MD', 'MDA'),
(499, 'Montenegro', 'ME', 'MNE'),
(500, 'Montserrat', 'MS', 'MSR'),
(504, 'Morocco', 'MA', 'MAR'),
(508, 'Mozambique', 'MZ', 'MOZ'),
(512, 'Oman', 'OM', 'OMN'),
(516, 'Namibia', 'NA', 'NAM'),
(520, 'Nauru', 'NR', 'NRU'),
(524, 'Nepal', 'NP', 'NPL'),
(528, 'Netherlands', 'NL', 'NLD'),
(531, 'Curaçao', 'CW', 'CUW'),
(533, 'Aruba', 'AW', 'ABW'),
(534, 'Sint Maarten (Dutch part)', 'SX', 'SXM'),
(535, 'Bonaire, Sint Eustatius and Saba', 'BQ', 'BES'),
(540, 'New Caledonia', 'NC', 'NCL'),
(548, 'Vanuatu', 'VU', 'VUT'),
(554, 'New Zealand', 'NZ', 'NZL'),
(558, 'Nicaragua', 'NI', 'NIC'),
(562, 'Niger', 'NE', 'NER'),
(566, 'Nigeria', 'NG', 'NGA'),
(570, 'Niue', 'NU', 'NIU'),
(574, 'Norfolk Island', 'NF', 'NFK'),
(578, 'Norway', 'NO', 'NOR'),
(580, 'Northern Mariana Islands', 'MP', 'MNP'),
(581, 'United States Minor Outlying Islands', 'UM', 'UMI'),
(583, 'Micronesia, Federated States of', 'FM', 'FSM'),
(584, 'Marshall Islands', 'MH', 'MHL'),
(585, 'Palau', 'PW', 'PLW'),
(586, 'Pakistan', 'PK', 'PAK'),
(591, 'Panama', 'PA', 'PAN'),
(598, 'Papua New Guinea', 'PG', 'PNG'),
(600, 'Paraguay', 'PY', 'PRY'),
(604, 'Peru', 'PE', 'PER'),
(608, 'Philippines', 'PH', 'PHL'),
(612, 'Pitcairn', 'PN', 'PCN'),
(616, 'Poland', 'PL', 'POL'),
(620, 'Portugal', 'PT', 'PRT'),
(624, 'Guinea-Bissau', 'GW', 'GNB'),
(626, 'Timor-Leste', 'TL', 'TLS'),
(630, 'Puerto Rico', 'PR', 'PRI'),
(634, 'Qatar', 'QA', 'QAT'),
(638, 'Réunion', 'RE', 'REU'),
(642, 'Romania', 'RO', 'ROU'),
(643, 'Russian Federation', 'RU', 'RUS'),
(646, 'Rwanda', 'RW', 'RWA'),
(652, 'Saint Barthélemy', 'BL', 'BLM'),
(654, 'Saint Helena, Ascension and Tristan da Cunha', 'SH', 'SHN'),
(659, 'Saint Kitts and Nevis', 'KN', 'KNA'),
(660, 'Anguilla', 'AI', 'AIA'),
(662, 'Saint Lucia', 'LC', 'LCA'),
(663, 'Saint Martin (French part)', 'MF', 'MAF'),
(666, 'Saint Pierre and Miquelon', 'PM', 'SPM'),
(670, 'Saint Vincent and the Grenadines', 'VC', 'VCT'),
(674, 'San Marino', 'SM', 'SMR'),
(678, 'Sao Tome and Principe', 'ST', 'STP'),
(682, 'Saudi Arabia', 'SA', 'SAU'),
(686, 'Senegal', 'SN', 'SEN'),
(688, 'Serbia', 'RS', 'SRB'),
(690, 'Seychelles', 'SC', 'SYC'),
(694, 'Sierra Leone', 'SL', 'SLE'),
(702, 'Singapore', 'SG', 'SGP'),
(703, 'Slovakia', 'SK', 'SVK'),
(704, 'Viet Nam', 'VN', 'VNM'),
(705, 'Slovenia', 'SI', 'SVN'),
(706, 'Somalia', 'SO', 'SOM'),
(710, 'South Africa', 'ZA', 'ZAF'),
(716, 'Zimbabwe', 'ZW', 'ZWE'),
(724, 'Spain', 'ES', 'ESP'),
(728, 'South Sudan', 'SS', 'SSD'),
(729, 'Sudan', 'SD', 'SDN'),
(732, 'Western Sahara', 'EH', 'ESH'),
(740, 'Suriname', 'SR', 'SUR'),
(744, 'Svalbard and Jan Mayen', 'SJ', 'SJM'),
(748, 'Swaziland', 'SZ', 'SWZ'),
(752, 'Sweden', 'SE', 'SWE'),
(756, 'Switzerland', 'CH', 'CHE'),
(760, 'Syrian Arab Republic', 'SY', 'SYR'),
(762, 'Tajikistan', 'TJ', 'TJK'),
(764, 'Thailand', 'TH', 'THA'),
(768, 'Togo', 'TG', 'TGO'),
(772, 'Tokelau', 'TK', 'TKL'),
(776, 'Tonga', 'TO', 'TON'),
(780, 'Trinidad and Tobago', 'TT', 'TTO'),
(784, 'United Arab Emirates', 'AE', 'ARE'),
(788, 'Tunisia', 'TN', 'TUN'),
(792, 'Turkey', 'TR', 'TUR'),
(795, 'Turkmenistan', 'TM', 'TKM'),
(796, 'Turks and Caicos Islands', 'TC', 'TCA'),
(798, 'Tuvalu', 'TV', 'TUV'),
(800, 'Uganda', 'UG', 'UGA'),
(804, 'Ukraine', 'UA', 'UKR'),
(807, 'Macedonia, the former Yugoslav Republic of', 'MK', 'MKD'),
(818, 'Egypt', 'EG', 'EGY'),
(826, 'United Kingdom', 'GB', 'GBR'),
(831, 'Guernsey', 'GG', 'GGY'),
(832, 'Jersey', 'JE', 'JEY'),
(833, 'Isle of Man', 'IM', 'IMN'),
(834, 'Tanzania, United Republic of', 'TZ', 'TZA'),
(840, 'United States', 'US', 'USA'),
(850, 'Virgin Islands, U.S.', 'VI', 'VIR'),
(854, 'Burkina Faso', 'BF', 'BFA'),
(858, 'Uruguay', 'UY', 'URY'),
(860, 'Uzbekistan', 'UZ', 'UZB'),
(862, 'Venezuela, Bolivarian Republic of', 'VE', 'VEN'),
(876, 'Wallis and Futuna', 'WF', 'WLF'),
(882, 'Samoa', 'WS', 'WSM'),
(887, 'Yemen', 'YE', 'YEM'),
(894, 'Zambia', 'ZM', 'ZMB');

-- --------------------------------------------------------

--
-- Table structure for table `data`
--

CREATE TABLE IF NOT EXISTS `data` (
  `country_code` int(11) NOT NULL,
  `dataset_id` int(11) NOT NULL,
  `data` int(11) NOT NULL,
  PRIMARY KEY (`country_code`,`dataset_id`)
) ENGINE=InnoDB DEFAULT CHARSET=latin1;

--
-- Dumping data for table `data`
--

INSERT INTO `data` (`country_code`, `dataset_id`, `data`) VALUES
(4, 16, 652230),
(4, 89, 27),
(4, 90, 0),
(4, 94, 29824536),
(4, 95, 0),
(4, 96, 20),
(4, 97, 20),
(4, 98, 0),
(4, 99, 0),
(4, 100, 0),
(8, 16, 27400),
(8, 89, 123),
(8, 90, 2021),
(8, 94, 3162083),
(8, 95, 29),
(8, 96, 1),
(8, 97, 1),
(8, 98, 29),
(8, 99, 29),
(8, 100, 29),
(12, 16, 2381740),
(12, 89, 114),
(12, 90, 1090),
(12, 94, 38481705),
(12, 95, 22),
(12, 96, 6),
(12, 97, 6),
(12, 98, 22),
(12, 99, 22),
(12, 100, 22),
(16, 16, 200),
(16, 89, 0),
(16, 90, 0),
(16, 94, 55128),
(16, 95, 0),
(16, 96, 0),
(16, 97, 0),
(16, 98, 0),
(16, 99, 0),
(16, 100, 0),
(20, 16, 470),
(20, 89, 0),
(20, 90, 0),
(20, 94, 78360),
(20, 95, 0),
(20, 96, 0),
(20, 97, 0),
(20, 98, 0),
(20, 99, 0),
(20, 100, 0),
(24, 16, 1246700),
(24, 89, 38),
(24, 90, 248),
(24, 94, 20820525),
(24, 95, 38),
(24, 96, 0),
(24, 97, 0),
(24, 98, 38),
(24, 99, 38),
(24, 100, 38),
(28, 16, 440),
(28, 89, 230),
(28, 90, 0),
(28, 94, 89069),
(28, 95, 60),
(28, 96, 0),
(28, 97, 0),
(28, 98, 60),
(28, 99, 60),
(28, 100, 60),
(31, 16, 82658),
(31, 89, 100),
(31, 90, 1705),
(31, 94, 9297507),
(31, 95, 4),
(31, 96, 12),
(31, 97, 12),
(31, 98, 4),
(31, 99, 4),
(31, 100, 4),
(32, 16, 2736690),
(32, 89, 314),
(32, 90, 2967),
(32, 94, 41086927),
(32, 95, 21),
(32, 96, 32),
(32, 97, 32),
(32, 98, 21),
(32, 99, 21),
(32, 100, 21),
(36, 16, 7682300),
(36, 89, 694),
(36, 90, 10719),
(36, 94, 22683600),
(36, 95, 15),
(36, 96, 22),
(36, 97, 22),
(36, 98, 15),
(36, 99, 15),
(36, 100, 15),
(40, 16, 82409),
(40, 89, 577),
(40, 90, 8356),
(40, 94, 8462446),
(40, 95, 18),
(40, 96, 3),
(40, 97, 3),
(40, 98, 18),
(40, 99, 18),
(40, 100, 18),
(44, 16, 10010),
(44, 89, 81),
(44, 90, 0),
(44, 94, 371960),
(44, 95, 0),
(44, 96, 0),
(44, 97, 0),
(44, 98, 0),
(44, 99, 0),
(44, 100, 0),
(48, 16, 760),
(48, 89, 537),
(48, 90, 10018),
(48, 94, 1317827),
(48, 95, 49),
(48, 96, 0),
(48, 97, 0),
(48, 98, 49),
(48, 99, 49),
(48, 100, 49),
(50, 16, 130170),
(50, 89, 3),
(50, 90, 258),
(50, 94, 154695368),
(50, 95, 10),
(50, 96, 35),
(50, 97, 35),
(50, 98, 10),
(50, 99, 10),
(50, 100, 10),
(51, 16, 28480),
(51, 89, 103),
(51, 90, 1754),
(51, 94, 2969081),
(51, 95, 29),
(51, 96, 2),
(51, 97, 2),
(51, 98, 29),
(51, 99, 29),
(51, 100, 29),
(52, 16, 430),
(52, 89, 469),
(52, 90, 0),
(52, 94, 283221),
(52, 95, 28),
(52, 96, 0),
(52, 97, 0),
(52, 98, 28),
(52, 99, 28),
(52, 100, 28),
(56, 16, 30280),
(56, 89, 559),
(56, 90, 8021),
(56, 94, 11142157),
(56, 95, 11),
(56, 96, 6),
(56, 97, 6),
(56, 98, 11),
(56, 99, 11),
(56, 100, 11),
(60, 16, 50),
(60, 89, 0),
(60, 90, 0),
(60, 94, 64806),
(60, 95, 0),
(60, 96, 0),
(60, 97, 0),
(60, 98, 0),
(60, 99, 0),
(60, 100, 0),
(64, 16, 38394),
(64, 89, 57),
(64, 90, 0),
(64, 94, 741822),
(64, 95, 5),
(64, 96, 0),
(64, 97, 0),
(64, 98, 5),
(64, 99, 5),
(64, 100, 5),
(68, 16, 1083300),
(68, 89, 68),
(68, 90, 623),
(68, 94, 10496285),
(68, 95, 27),
(68, 96, 2),
(68, 97, 2),
(68, 98, 27),
(68, 99, 27),
(68, 100, 27),
(70, 16, 51000),
(70, 89, 213),
(70, 90, 3188),
(70, 94, 3833916),
(70, 95, 99),
(70, 96, 0),
(70, 97, 0),
(70, 98, 99),
(70, 99, 99),
(70, 100, 99),
(72, 16, 566730),
(72, 89, 133),
(72, 90, 1602),
(72, 94, 2003910),
(72, 95, 40),
(72, 96, 0),
(72, 97, 0),
(72, 98, 40),
(72, 99, 40),
(72, 100, 40),
(76, 16, 8459420),
(76, 89, 209),
(76, 90, 2437),
(76, 94, 198656019),
(76, 95, 27),
(76, 96, 58),
(76, 97, 58),
(76, 98, 27),
(76, 99, 27),
(76, 100, 27),
(84, 16, 22810),
(84, 89, 174),
(84, 90, 0),
(84, 94, 324060),
(84, 95, 6),
(84, 96, 0),
(84, 97, 0),
(84, 98, 6),
(84, 99, 6),
(84, 100, 6),
(90, 16, 27990),
(90, 89, 0),
(90, 90, 0),
(90, 94, 549598),
(90, 95, 0),
(90, 96, 0),
(90, 97, 0),
(90, 98, 0),
(90, 99, 0),
(90, 100, 0),
(96, 16, 5270),
(96, 89, 510),
(96, 90, 8506),
(96, 94, 412238),
(96, 95, 0),
(96, 96, 0),
(96, 97, 0),
(96, 98, 0),
(96, 99, 0),
(96, 100, 0),
(100, 16, 108560),
(100, 89, 392),
(100, 90, 4863),
(100, 94, 7304632),
(100, 95, 15),
(100, 96, 6),
(100, 97, 6),
(100, 98, 15),
(100, 99, 15),
(100, 100, 15),
(104, 16, 653290),
(104, 89, 7),
(104, 90, 110),
(104, 94, 52797319),
(104, 95, 10),
(104, 96, 33),
(104, 97, 33),
(104, 98, 10),
(104, 99, 10),
(104, 100, 10),
(108, 16, 25680),
(108, 89, 6),
(108, 90, 0),
(108, 94, 9849569),
(108, 95, 17),
(108, 96, 0),
(108, 97, 0),
(108, 98, 17),
(108, 99, 17),
(108, 100, 17),
(112, 16, 202910),
(112, 89, 362),
(112, 90, 3627),
(112, 94, 9464000),
(112, 95, 26),
(112, 96, 4),
(112, 97, 4),
(112, 98, 26),
(112, 99, 26),
(112, 100, 26),
(116, 16, 176520),
(116, 89, 21),
(116, 90, 164),
(116, 94, 14864646),
(116, 95, 4),
(116, 96, 2),
(116, 97, 2),
(116, 98, 4),
(116, 99, 4),
(116, 100, 4),
(120, 16, 472710),
(120, 89, 14),
(120, 90, 255),
(120, 94, 21699631),
(120, 95, 16),
(120, 96, 0),
(120, 97, 0),
(120, 98, 16),
(120, 99, 16),
(120, 100, 16),
(124, 16, 9093510),
(124, 89, 607),
(124, 90, 16405),
(124, 94, 34880491),
(124, 95, 19),
(124, 96, 45),
(124, 97, 45),
(124, 98, 19),
(124, 99, 19),
(124, 100, 19),
(132, 16, 4030),
(132, 89, 101),
(132, 90, 0),
(132, 94, 494401),
(132, 95, 7),
(132, 96, 0),
(132, 97, 0),
(132, 98, 7),
(132, 99, 7),
(132, 100, 7),
(136, 16, 240),
(136, 89, 0),
(136, 90, 0),
(136, 94, 57570),
(136, 95, 0),
(136, 96, 0),
(136, 97, 0),
(136, 98, 0),
(136, 99, 0),
(136, 100, 0),
(140, 16, 622980),
(140, 89, 0),
(140, 90, 0),
(140, 94, 4525209),
(140, 95, 82),
(140, 96, 0),
(140, 97, 0),
(140, 98, 82),
(140, 99, 82),
(140, 100, 82),
(144, 16, 62710),
(144, 89, 48),
(144, 90, 490),
(144, 94, 20328000),
(144, 95, 6),
(144, 96, 12),
(144, 97, 12),
(144, 98, 6),
(144, 99, 6),
(144, 100, 6),
(148, 16, 1259200),
(148, 89, 6),
(148, 90, 0),
(148, 94, 12448175),
(148, 95, 24),
(148, 96, 0),
(148, 97, 0),
(148, 98, 24),
(148, 99, 24),
(148, 100, 24),
(152, 16, 743532),
(152, 89, 184),
(152, 90, 3568),
(152, 94, 17464814),
(152, 95, 9),
(152, 96, 11),
(152, 97, 11),
(152, 98, 9),
(152, 99, 9),
(152, 100, 9),
(156, 16, 9327489),
(156, 89, 57),
(156, 90, 3297),
(156, 94, 1350695000),
(156, 95, 12),
(156, 96, 554),
(156, 97, 554),
(156, 98, 12),
(156, 99, 12),
(156, 100, 12),
(170, 16, 1109500),
(170, 89, 71),
(170, 90, 1122),
(170, 94, 47704427),
(170, 95, 56),
(170, 96, 12),
(170, 97, 12),
(170, 98, 56),
(170, 99, 56),
(170, 100, 56),
(174, 16, 1861),
(174, 89, 33),
(174, 90, 0),
(174, 94, 717503),
(174, 95, 48),
(174, 96, 0),
(174, 97, 0),
(174, 98, 48),
(174, 99, 48),
(174, 100, 48),
(178, 16, 341500),
(178, 89, 27),
(178, 90, 171),
(178, 94, 4337051),
(178, 95, 69),
(178, 96, 0),
(178, 97, 0),
(178, 98, 69),
(178, 99, 69),
(178, 100, 69),
(180, 16, 2267050),
(180, 89, 5),
(180, 90, 105),
(180, 94, 65705093),
(180, 95, 62),
(180, 96, 0),
(180, 97, 0),
(180, 98, 62),
(180, 99, 62),
(180, 100, 62),
(188, 16, 51060),
(188, 89, 177),
(188, 90, 1843),
(188, 94, 4805295),
(188, 95, 29),
(188, 96, 2),
(188, 97, 2),
(188, 98, 29),
(188, 99, 29),
(188, 100, 29),
(191, 16, 55960),
(191, 89, 379),
(191, 90, 3900),
(191, 94, 4267000),
(191, 95, 84),
(191, 96, 0),
(191, 97, 0),
(191, 98, 84),
(191, 99, 84),
(191, 100, 84),
(192, 16, 106440),
(192, 89, 38),
(192, 90, 1326),
(192, 94, 11270957),
(192, 95, 15),
(192, 96, 7),
(192, 97, 7),
(192, 98, 15),
(192, 99, 15),
(192, 100, 15),
(196, 16, 9240),
(196, 89, 531),
(196, 90, 4271),
(196, 94, 1128994),
(196, 95, 10),
(196, 96, 0),
(196, 97, 0),
(196, 98, 10),
(196, 99, 10),
(196, 100, 10),
(203, 16, 77240),
(203, 89, 485),
(203, 90, 6288),
(203, 94, 10514810),
(203, 95, 41),
(203, 96, 1),
(203, 97, 1),
(203, 98, 41),
(203, 99, 41),
(203, 100, 41),
(204, 16, 112760),
(204, 89, 22),
(204, 90, 83),
(204, 94, 10050702),
(204, 95, 31),
(204, 96, 0),
(204, 97, 0),
(204, 98, 31),
(204, 99, 31),
(204, 100, 31),
(208, 16, 42430),
(208, 89, 480),
(208, 90, 6121),
(208, 94, 5590478),
(208, 95, 58),
(208, 96, 0),
(208, 97, 0),
(208, 98, 58),
(208, 99, 58),
(208, 100, 58),
(212, 16, 750),
(212, 89, 0),
(212, 90, 0),
(212, 94, 71684),
(212, 95, 0),
(212, 96, 0),
(212, 97, 0),
(212, 98, 0),
(212, 99, 0),
(212, 100, 0),
(214, 16, 48320),
(214, 89, 128),
(214, 90, 893),
(214, 94, 10276621),
(214, 95, 33),
(214, 96, 3),
(214, 97, 3),
(214, 98, 33),
(214, 99, 33),
(214, 100, 33),
(218, 16, 248360),
(218, 89, 71),
(218, 90, 1192),
(218, 94, 15492264),
(218, 95, 5),
(218, 96, 15),
(218, 97, 15),
(218, 98, 5),
(218, 99, 5),
(218, 100, 5),
(222, 16, 20720),
(222, 89, 94),
(222, 90, 829),
(222, 94, 6297394),
(222, 95, 27),
(222, 96, 1),
(222, 97, 1),
(222, 98, 27),
(222, 99, 27),
(222, 100, 27),
(226, 16, 28050),
(226, 89, 0),
(226, 90, 0),
(226, 94, 736296),
(226, 95, 79),
(226, 96, 0),
(226, 97, 0),
(226, 98, 79),
(226, 99, 79),
(226, 100, 79),
(231, 16, 1000000),
(231, 89, 3),
(231, 90, 51),
(231, 94, 91728849),
(231, 95, 5),
(231, 96, 5),
(231, 97, 5),
(231, 98, 5),
(231, 99, 5),
(231, 100, 5),
(232, 16, 101000),
(232, 89, 11),
(232, 90, 48),
(232, 94, 6130922),
(232, 95, 5),
(232, 96, 0),
(232, 97, 0),
(232, 98, 5),
(232, 99, 5),
(232, 100, 5),
(233, 16, 42390),
(233, 89, 476),
(233, 90, 6255),
(233, 94, 1339396),
(233, 95, 3),
(233, 96, 1),
(233, 97, 1),
(233, 98, 3),
(233, 99, 3),
(233, 100, 3),
(234, 16, 1396),
(234, 89, 556),
(234, 90, 0),
(234, 94, 49506),
(234, 95, 0),
(234, 96, 0),
(234, 97, 0),
(234, 98, 0),
(234, 99, 0),
(234, 100, 0),
(242, 16, 18270),
(242, 89, 178),
(242, 90, 0),
(242, 94, 874742),
(242, 95, 28),
(242, 96, 0),
(242, 97, 0),
(242, 98, 28),
(242, 99, 28),
(242, 100, 28),
(246, 16, 303890),
(246, 89, 612),
(246, 90, 15738),
(246, 94, 5414293),
(246, 95, 24),
(246, 96, 1),
(246, 97, 1),
(246, 98, 24),
(246, 99, 24),
(246, 100, 24),
(250, 16, 547660),
(250, 89, 580),
(250, 90, 7289),
(250, 94, 65696689),
(250, 95, 18),
(250, 96, 31),
(250, 97, 31),
(250, 98, 18),
(250, 99, 18),
(250, 100, 18),
(258, 16, 3660),
(258, 89, 0),
(258, 90, 0),
(258, 94, 273814),
(258, 95, 0),
(258, 96, 0),
(258, 97, 0),
(258, 98, 0),
(258, 99, 0),
(258, 100, 0),
(262, 16, 23180),
(262, 89, 0),
(262, 90, 0),
(262, 94, 859652),
(262, 95, 84),
(262, 96, 0),
(262, 97, 0),
(262, 98, 84),
(262, 99, 84),
(262, 100, 84),
(266, 16, 257670),
(266, 89, 0),
(266, 90, 906),
(266, 94, 1632572),
(266, 95, 52),
(266, 96, 0),
(266, 97, 0),
(266, 98, 52),
(266, 99, 52),
(266, 100, 52),
(268, 16, 69490),
(268, 89, 155),
(268, 90, 1917),
(268, 94, 4511800),
(268, 95, 19),
(268, 96, 1),
(268, 97, 1),
(268, 98, 19),
(268, 99, 19),
(268, 100, 19),
(270, 16, 10120),
(270, 89, 7),
(270, 90, 0),
(270, 94, 1791225),
(270, 95, 47),
(270, 96, 0),
(270, 97, 0),
(270, 98, 47),
(270, 99, 47),
(270, 100, 47),
(275, 16, 6020),
(275, 89, 42),
(275, 90, 0),
(275, 94, 4046901),
(275, 95, 47),
(275, 96, 0),
(275, 97, 0),
(275, 98, 47),
(275, 99, 47),
(275, 100, 47),
(276, 16, 348570),
(276, 89, 572),
(276, 90, 7080),
(276, 94, 81889839),
(276, 95, 15),
(276, 96, 32),
(276, 97, 32),
(276, 98, 15),
(276, 99, 15),
(276, 100, 15),
(288, 16, 227540),
(288, 89, 30),
(288, 90, 343),
(288, 94, 25366462),
(288, 95, 23),
(288, 96, 0),
(288, 97, 0),
(288, 98, 23),
(288, 99, 23),
(288, 100, 23),
(296, 16, 810),
(296, 89, 146),
(296, 90, 0),
(296, 94, 100786),
(296, 95, 0),
(296, 96, 0),
(296, 97, 0),
(296, 98, 0),
(296, 99, 0),
(296, 100, 0),
(300, 16, 128900),
(300, 89, 624),
(300, 90, 5296),
(300, 94, 11280167),
(300, 95, 8),
(300, 96, 9),
(300, 97, 9),
(300, 98, 8),
(300, 99, 8),
(300, 100, 8),
(304, 16, 410450),
(304, 89, 0),
(304, 90, 0),
(304, 94, 56840),
(304, 95, 0),
(304, 96, 0),
(304, 97, 0),
(304, 98, 0),
(304, 99, 0),
(304, 100, 0),
(308, 16, 340),
(308, 89, 0),
(308, 90, 0),
(308, 94, 105483),
(308, 95, 0),
(308, 96, 0),
(308, 97, 0),
(308, 98, 0),
(308, 99, 0),
(308, 100, 0),
(316, 16, 540),
(316, 89, 0),
(316, 90, 0),
(316, 94, 162810),
(316, 95, 0),
(316, 96, 0),
(316, 97, 0),
(316, 98, 0),
(316, 99, 0),
(316, 100, 0),
(320, 16, 107160),
(320, 89, 67),
(320, 90, 539),
(320, 94, 15082831),
(320, 95, 14),
(320, 96, 2),
(320, 97, 2),
(320, 98, 14),
(320, 99, 14),
(320, 100, 14),
(324, 16, 245720),
(324, 89, 0),
(324, 90, 0),
(324, 94, 11451273),
(324, 95, 12),
(324, 96, 1),
(324, 97, 1),
(324, 98, 12),
(324, 99, 12),
(324, 100, 12),
(328, 16, 196850),
(328, 89, 95),
(328, 90, 0),
(328, 94, 795369),
(328, 95, 1),
(328, 96, 1),
(328, 97, 1),
(328, 98, 1),
(328, 99, 1),
(328, 100, 1),
(332, 16, 27560),
(332, 89, 0),
(332, 90, 32),
(332, 94, 10173775),
(332, 95, 18),
(332, 96, 1),
(332, 97, 1),
(332, 98, 18),
(332, 99, 18),
(332, 100, 18),
(340, 16, 111890),
(340, 89, 95),
(340, 90, 707),
(340, 94, 7935846),
(340, 95, 17),
(340, 96, 1),
(340, 97, 1),
(340, 98, 17),
(340, 99, 17),
(340, 100, 17),
(344, 16, 1042),
(344, 89, 76),
(344, 90, 5948),
(344, 94, 7154600),
(344, 95, 0),
(344, 96, 0),
(344, 97, 0),
(344, 98, 0),
(344, 99, 0),
(344, 100, 0),
(348, 16, 90530),
(348, 89, 345),
(348, 90, 3895),
(348, 94, 9943755),
(348, 95, 11),
(348, 96, 5),
(348, 97, 5),
(348, 98, 11),
(348, 99, 11),
(348, 100, 11),
(352, 16, 100250),
(352, 89, 745),
(352, 90, 52373),
(352, 94, 320137),
(352, 95, 49),
(352, 96, 0),
(352, 97, 0),
(352, 98, 49),
(352, 99, 49),
(352, 100, 49),
(356, 16, 2973190),
(356, 89, 18),
(356, 90, 684),
(356, 94, 1236686732),
(356, 95, 7),
(356, 96, 761),
(356, 97, 761),
(356, 98, 7),
(356, 99, 7),
(356, 100, 7),
(360, 16, 1811570),
(360, 89, 59),
(360, 90, 679),
(360, 94, 246864191),
(360, 95, 11),
(360, 96, 113),
(360, 97, 113),
(360, 98, 11),
(360, 99, 11),
(360, 100, 11),
(364, 16, 1628550),
(364, 89, 128),
(364, 90, 2648),
(364, 94, 76424443),
(364, 95, 6),
(364, 96, 93),
(364, 97, 93),
(364, 98, 6),
(364, 99, 6),
(364, 100, 6),
(368, 16, 434320),
(368, 89, 77),
(368, 90, 1342),
(368, 94, 32578209),
(368, 95, 6),
(368, 96, 66),
(368, 97, 66),
(368, 98, 6),
(368, 99, 6),
(368, 100, 6),
(372, 16, 68890),
(372, 89, 513),
(372, 90, 5701),
(372, 94, 4588798),
(372, 95, 16),
(372, 96, 0),
(372, 97, 0),
(372, 98, 16),
(372, 99, 16),
(372, 100, 16),
(376, 16, 21640),
(376, 89, 321),
(376, 90, 6925),
(376, 94, 7907900),
(376, 95, 36),
(376, 96, 1),
(376, 97, 1),
(376, 98, 36),
(376, 99, 36),
(376, 100, 36),
(380, 16, 294140),
(380, 89, 679),
(380, 90, 5392),
(380, 94, 60917978),
(380, 95, 20),
(380, 96, 45),
(380, 97, 45),
(380, 98, 20),
(380, 99, 20),
(380, 100, 20),
(384, 16, 318000),
(384, 89, 20),
(384, 90, 212),
(384, 94, 19839750),
(384, 95, 38),
(384, 96, 1),
(384, 97, 1),
(384, 98, 38),
(384, 99, 38),
(384, 100, 38),
(388, 16, 10830),
(388, 89, 187),
(388, 90, 1549),
(388, 94, 2712100),
(388, 95, 43),
(388, 96, 0),
(388, 97, 0),
(388, 98, 43),
(388, 99, 43),
(388, 100, 43),
(392, 16, 364500),
(392, 89, 590),
(392, 90, 7847),
(392, 94, 127561489),
(392, 95, 19),
(392, 96, 90),
(392, 97, 90),
(392, 98, 19),
(392, 99, 19),
(392, 100, 19),
(398, 16, 2699700),
(398, 89, 219),
(398, 90, 4892),
(398, 94, 16797459),
(398, 95, 4),
(398, 96, 21),
(398, 97, 21),
(398, 98, 4),
(398, 99, 4),
(398, 100, 4),
(400, 16, 88780),
(400, 89, 164),
(400, 90, 2289),
(400, 94, 6318000),
(400, 95, 30),
(400, 96, 0),
(400, 97, 0),
(400, 98, 30),
(400, 99, 30),
(400, 100, 30),
(404, 16, 569140),
(404, 89, 23),
(404, 90, 155),
(404, 94, 43178141),
(404, 95, 17),
(404, 96, 2),
(404, 97, 2),
(404, 98, 17),
(404, 99, 17),
(404, 100, 17),
(408, 16, 120410),
(408, 89, 0),
(408, 90, 739),
(408, 94, 24763188),
(408, 95, 10),
(408, 96, 8),
(408, 97, 8),
(408, 98, 10),
(408, 99, 10),
(408, 100, 10),
(410, 16, 97100),
(410, 89, 363),
(410, 90, 10162),
(410, 94, 50004000),
(410, 95, 25),
(410, 96, 25),
(410, 97, 25),
(410, 98, 25),
(410, 99, 25),
(410, 100, 25),
(414, 16, 17820),
(414, 89, 527),
(414, 90, 16121),
(414, 94, 3250496),
(414, 95, 43),
(414, 96, 0),
(414, 97, 0),
(414, 98, 43),
(414, 99, 43),
(414, 100, 43),
(417, 16, 191800),
(417, 89, 59),
(417, 90, 1641),
(417, 94, 5582100),
(417, 95, 3),
(417, 96, 10),
(417, 97, 10),
(417, 98, 3),
(417, 99, 3),
(417, 100, 3),
(418, 16, 230800),
(418, 89, 20),
(418, 90, 0),
(418, 94, 6645827),
(418, 95, 3),
(418, 96, 4),
(418, 97, 4),
(418, 98, 3),
(418, 99, 3),
(418, 100, 3),
(422, 16, 10230),
(422, 89, 0),
(422, 90, 3499),
(422, 94, 4424888),
(422, 95, 29),
(422, 96, 1),
(422, 97, 1),
(422, 98, 29),
(422, 99, 29),
(422, 100, 29),
(426, 16, 30360),
(426, 89, 0),
(426, 90, 0),
(426, 94, 2051545),
(426, 95, 40),
(426, 96, 0),
(426, 97, 0),
(426, 98, 40),
(426, 99, 40),
(426, 100, 40),
(428, 16, 62200),
(428, 89, 318),
(428, 90, 3266),
(428, 94, 2025473),
(428, 95, 38),
(428, 96, 0),
(428, 97, 0),
(428, 98, 38),
(428, 99, 38),
(428, 100, 38),
(430, 16, 96320),
(430, 89, 3),
(430, 90, 0),
(430, 94, 4190435),
(430, 95, 39),
(430, 96, 0),
(430, 97, 0),
(430, 98, 39),
(430, 99, 39),
(430, 100, 39),
(434, 16, 1759540),
(434, 89, 290),
(434, 90, 3926),
(434, 94, 6154623),
(434, 95, 14),
(434, 96, 4),
(434, 97, 4),
(434, 98, 14),
(434, 99, 14),
(434, 100, 14),
(438, 16, 160),
(438, 89, 750),
(438, 90, 0),
(438, 94, 36656),
(438, 95, 0),
(438, 96, 0),
(438, 97, 0),
(438, 98, 0),
(438, 99, 0),
(438, 100, 0),
(440, 16, 62674),
(440, 89, 559),
(440, 90, 3527),
(440, 94, 2985509),
(440, 95, 6),
(440, 96, 2),
(440, 97, 2),
(440, 98, 6),
(440, 99, 6),
(440, 100, 6),
(442, 16, 2590),
(442, 89, 738),
(442, 90, 15530),
(442, 94, 531441),
(442, 95, 63),
(442, 96, 0),
(442, 97, 0),
(442, 98, 63),
(442, 99, 63),
(442, 100, 63),
(446, 16, 28),
(446, 89, 165),
(446, 90, 0),
(446, 94, 556783),
(446, 95, 0),
(446, 96, 0),
(446, 97, 0),
(446, 98, 0),
(446, 99, 0),
(446, 100, 0),
(450, 16, 581540),
(450, 89, 26),
(450, 90, 0),
(450, 94, 22293914),
(450, 95, 1),
(450, 96, 14),
(450, 97, 14),
(450, 98, 1),
(450, 99, 1),
(450, 100, 1),
(454, 16, 94280),
(454, 89, 8),
(454, 90, 0),
(454, 94, 15906483),
(454, 95, 12),
(454, 96, 0),
(454, 97, 0),
(454, 98, 12),
(454, 99, 12),
(454, 100, 12),
(458, 16, 328550),
(458, 89, 361),
(458, 90, 4246),
(458, 94, 29239927),
(458, 95, 29),
(458, 96, 13),
(458, 97, 13),
(458, 98, 29),
(458, 99, 29),
(458, 100, 29),
(462, 16, 300),
(462, 89, 27),
(462, 90, 0),
(462, 94, 338442),
(462, 95, 94),
(462, 96, 0),
(462, 97, 0),
(462, 98, 94),
(462, 99, 94),
(462, 100, 94),
(466, 16, 1220190),
(466, 89, 14),
(466, 90, 0),
(466, 94, 14853572),
(466, 95, 9),
(466, 96, 6),
(466, 97, 6),
(466, 98, 9),
(466, 99, 9),
(466, 100, 9),
(470, 16, 320),
(470, 89, 692),
(470, 90, 4684),
(470, 94, 418366),
(470, 95, 63),
(470, 96, 0),
(470, 97, 0),
(470, 98, 63),
(470, 99, 63),
(470, 100, 63),
(478, 16, 1030700),
(478, 89, 0),
(478, 90, 0),
(478, 94, 3796141),
(478, 95, 4),
(478, 96, 1),
(478, 97, 1),
(478, 98, 4),
(478, 99, 4),
(478, 100, 4),
(480, 16, 2030),
(480, 89, 175),
(480, 90, 0),
(480, 94, 1291456),
(480, 95, 29),
(480, 96, 0),
(480, 97, 0),
(480, 98, 29),
(480, 99, 29),
(480, 100, 29),
(484, 16, 1943950),
(484, 89, 274),
(484, 90, 2091),
(484, 94, 120847477),
(484, 95, 14),
(484, 96, 79),
(484, 97, 79),
(484, 98, 14),
(484, 99, 14),
(484, 100, 14),
(492, 16, 2),
(492, 89, 863),
(492, 90, 0),
(492, 94, 37579),
(492, 95, 100),
(492, 96, 0),
(492, 97, 0),
(492, 98, 100),
(492, 99, 100),
(492, 100, 100),
(496, 16, 1553560),
(496, 89, 72),
(496, 90, 1576),
(496, 94, 2796484),
(496, 95, 19),
(496, 96, 0),
(496, 97, 0),
(496, 98, 19),
(496, 99, 19),
(496, 100, 19),
(498, 16, 32854),
(498, 89, 156),
(498, 90, 1469),
(498, 94, 3559541),
(498, 95, 8),
(498, 96, 1),
(498, 97, 1),
(498, 98, 8),
(498, 99, 8),
(498, 100, 8),
(499, 16, 13450),
(499, 89, 262),
(499, 90, 5747),
(499, 94, 621081),
(499, 95, 59),
(499, 96, 0),
(499, 97, 0),
(499, 98, 59),
(499, 99, 59),
(499, 100, 59),
(504, 16, 446300),
(504, 89, 70),
(504, 90, 826),
(504, 94, 32521143),
(504, 95, 9),
(504, 96, 12),
(504, 97, 12),
(504, 98, 9),
(504, 99, 9),
(504, 100, 9),
(508, 16, 786380),
(508, 89, 12),
(508, 90, 447),
(508, 94, 25203395),
(508, 95, 22),
(508, 96, 0),
(508, 97, 0),
(508, 98, 22),
(508, 99, 22),
(508, 100, 22),
(512, 16, 309500),
(512, 89, 215),
(512, 90, 6292),
(512, 94, 3314001),
(512, 95, 10),
(512, 96, 1),
(512, 97, 1),
(512, 98, 10),
(512, 99, 10),
(512, 100, 10),
(516, 16, 823290),
(516, 89, 106),
(516, 90, 1548),
(516, 94, 2259393),
(516, 95, 24),
(516, 96, 0),
(516, 97, 0),
(516, 98, 24),
(516, 99, 24),
(516, 100, 24),
(524, 16, 143350),
(524, 89, 5),
(524, 90, 105),
(524, 94, 27474377),
(524, 95, 1),
(524, 96, 9),
(524, 97, 9),
(524, 98, 1),
(524, 99, 1),
(524, 100, 1),
(528, 16, 33730),
(528, 89, 526),
(528, 90, 7035),
(528, 94, 16767705),
(528, 95, 11),
(528, 96, 10),
(528, 97, 10),
(528, 98, 11),
(528, 99, 11),
(528, 100, 11),
(531, 16, 444),
(531, 89, 0),
(531, 90, 0),
(531, 94, 151892),
(531, 95, 0),
(531, 96, 0),
(531, 97, 0),
(531, 98, 0),
(531, 99, 0),
(531, 100, 0),
(533, 16, 180),
(533, 89, 0),
(533, 90, 0),
(533, 94, 102384),
(533, 95, 0),
(533, 96, 0),
(533, 97, 0),
(533, 98, 0),
(533, 99, 0),
(533, 100, 0),
(534, 16, 34),
(534, 89, 0),
(534, 90, 0),
(534, 94, 39088),
(534, 95, 0),
(534, 96, 0),
(534, 97, 0),
(534, 98, 0),
(534, 99, 0),
(534, 100, 0),
(540, 16, 18280),
(540, 89, 0),
(540, 90, 0),
(540, 94, 258121),
(540, 95, 0),
(540, 96, 0),
(540, 97, 0),
(540, 98, 0),
(540, 99, 0),
(540, 100, 0),
(548, 16, 12190),
(548, 89, 0),
(548, 90, 0),
(548, 94, 247262),
(548, 95, 0),
(548, 96, 0),
(548, 97, 0),
(548, 98, 0),
(548, 99, 0),
(548, 100, 0),
(554, 16, 263310),
(554, 89, 711),
(554, 90, 9398),
(554, 94, 4433100),
(554, 95, 21),
(554, 96, 4),
(554, 97, 4),
(554, 98, 21),
(554, 99, 21),
(554, 100, 21),
(558, 16, 120340),
(558, 89, 56),
(558, 90, 521),
(558, 94, 5991733),
(558, 95, 14),
(558, 96, 1),
(558, 97, 1),
(558, 98, 14),
(558, 99, 14),
(558, 100, 14),
(562, 16, 1266700),
(562, 89, 7),
(562, 90, 0),
(562, 94, 17157042),
(562, 95, 10),
(562, 96, 2),
(562, 97, 2),
(562, 98, 10),
(562, 99, 10),
(562, 100, 10),
(566, 16, 910770),
(566, 89, 31),
(566, 90, 148),
(566, 94, 168833776),
(566, 95, 31),
(566, 96, 10),
(566, 97, 10),
(566, 98, 31),
(566, 99, 31),
(566, 100, 31),
(578, 16, 304250),
(578, 89, 584),
(578, 90, 23173),
(578, 94, 5018869),
(578, 95, 28),
(578, 96, 2),
(578, 97, 2),
(578, 98, 28),
(578, 99, 28),
(578, 100, 28),
(580, 16, 460),
(580, 89, 0),
(580, 90, 0),
(580, 94, 53305),
(580, 95, 0),
(580, 96, 0),
(580, 97, 0),
(580, 98, 0),
(580, 99, 0),
(580, 100, 0),
(583, 16, 3170),
(583, 89, 37),
(583, 90, 0),
(583, 94, 103395),
(583, 95, 0),
(583, 96, 0),
(583, 97, 0),
(583, 98, 0),
(583, 99, 0),
(583, 100, 0),
(584, 16, 180),
(584, 89, 0),
(584, 90, 0),
(584, 94, 52555),
(584, 95, 0),
(584, 96, 0),
(584, 97, 0),
(584, 98, 0),
(584, 99, 0),
(584, 100, 0),
(585, 16, 460),
(585, 89, 0),
(585, 90, 0),
(585, 94, 20754),
(585, 95, 0),
(585, 96, 0),
(585, 97, 0),
(585, 98, 0),
(585, 99, 0),
(585, 100, 0),
(586, 16, 770880),
(586, 89, 17),
(586, 90, 449),
(586, 94, 179160111),
(586, 95, 5),
(586, 96, 183),
(586, 97, 183),
(586, 98, 5),
(586, 99, 5),
(586, 100, 5),
(591, 16, 74340),
(591, 89, 131),
(591, 90, 1829),
(591, 94, 3802281),
(591, 95, 45),
(591, 96, 0),
(591, 97, 0),
(591, 98, 45),
(591, 99, 45),
(591, 100, 45),
(598, 16, 452860),
(598, 89, 9),
(598, 90, 0),
(598, 94, 7167010),
(598, 95, 57),
(598, 96, 0),
(598, 97, 0),
(598, 98, 57),
(598, 99, 57),
(598, 100, 57),
(600, 16, 397300),
(600, 89, 53),
(600, 90, 1228),
(600, 94, 6687361),
(600, 95, 20),
(600, 96, 0),
(600, 97, 0),
(600, 98, 20),
(600, 99, 20),
(600, 100, 20),
(604, 16, 1280000),
(604, 89, 73),
(604, 90, 1247),
(604, 94, 29987800),
(604, 95, 6),
(604, 96, 19),
(604, 97, 19),
(604, 98, 6),
(604, 99, 6),
(604, 100, 6),
(608, 16, 298170),
(608, 89, 30),
(608, 90, 646),
(608, 94, 96706764),
(608, 95, 7),
(608, 96, 81),
(608, 97, 81),
(608, 98, 7),
(608, 99, 7),
(608, 100, 7),
(616, 16, 304150),
(616, 89, 537),
(616, 90, 3832),
(616, 94, 38542737),
(616, 95, 30),
(616, 96, 11),
(616, 97, 11),
(616, 98, 30),
(616, 99, 30),
(616, 100, 30),
(620, 16, 91470),
(620, 89, 509),
(620, 90, 4848),
(620, 94, 10526703),
(620, 95, 7),
(620, 96, 8),
(620, 97, 8),
(620, 98, 7),
(620, 99, 7),
(620, 100, 7),
(624, 16, 28120),
(624, 89, 33),
(624, 90, 0),
(624, 94, 1663558),
(624, 95, 13),
(624, 96, 0),
(624, 97, 0),
(624, 98, 13),
(624, 99, 13),
(624, 100, 13),
(626, 16, 14870),
(626, 89, 0),
(626, 90, 0),
(626, 94, 1210233),
(626, 95, 8),
(626, 96, 1),
(626, 97, 1),
(626, 98, 8),
(626, 99, 8),
(626, 100, 8),
(630, 16, 8870),
(630, 89, 635),
(630, 90, 0),
(630, 94, 3667084),
(630, 95, 90),
(630, 96, 0),
(630, 97, 0),
(630, 98, 90),
(630, 99, 90),
(630, 100, 90),
(634, 16, 11610),
(634, 89, 532),
(634, 90, 15754),
(634, 94, 2050514),
(634, 95, 39),
(634, 96, 0),
(634, 97, 0),
(634, 98, 39),
(634, 99, 39),
(634, 100, 39),
(642, 16, 230160),
(642, 89, 234),
(642, 90, 2486),
(642, 94, 21326905),
(642, 95, 21),
(642, 96, 6),
(642, 97, 6),
(642, 98, 21),
(642, 99, 21),
(642, 100, 21),
(643, 16, 16376870),
(643, 89, 271),
(643, 90, 6485),
(643, 94, 143533000),
(643, 95, 20),
(643, 96, 66),
(643, 97, 66),
(643, 98, 20),
(643, 99, 20),
(643, 100, 20),
(646, 16, 24670),
(646, 89, 4),
(646, 90, 0),
(646, 94, 11457801),
(646, 95, 24),
(646, 96, 0),
(646, 97, 0),
(646, 98, 24),
(646, 99, 24),
(646, 100, 24),
(659, 16, 260),
(659, 89, 0),
(659, 90, 0),
(659, 94, 53584),
(659, 95, 0),
(659, 96, 0),
(659, 97, 0),
(659, 98, 0),
(659, 99, 0),
(659, 100, 0),
(662, 16, 610),
(662, 89, 0),
(662, 90, 0),
(662, 94, 180870),
(662, 95, 59),
(662, 96, 0),
(662, 97, 0),
(662, 98, 59),
(662, 99, 59),
(662, 100, 59),
(663, 16, 54),
(663, 89, 0),
(663, 90, 0),
(663, 94, 30959),
(663, 95, 0),
(663, 96, 0),
(663, 97, 0),
(663, 98, 0),
(663, 99, 0),
(663, 100, 0),
(670, 16, 390),
(670, 89, 204),
(670, 90, 0),
(670, 94, 109373),
(670, 95, 0),
(670, 96, 0),
(670, 97, 0),
(670, 98, 0),
(670, 99, 0),
(670, 100, 0),
(674, 16, 60),
(674, 89, 1263),
(674, 90, 0),
(674, 94, 31247),
(674, 95, 0),
(674, 96, 0),
(674, 97, 0),
(674, 98, 0),
(674, 99, 0),
(674, 100, 0),
(678, 16, 960),
(678, 89, 2),
(678, 90, 0),
(678, 94, 188098),
(678, 95, 0),
(678, 96, 0),
(678, 97, 0),
(678, 98, 0),
(678, 99, 0),
(678, 100, 0),
(682, 16, 2149690),
(682, 89, 192),
(682, 90, 8161),
(682, 94, 28287855),
(682, 95, 8),
(682, 96, 23),
(682, 97, 23),
(682, 98, 8),
(682, 99, 8),
(682, 100, 8),
(686, 16, 192530),
(686, 89, 22),
(686, 90, 186),
(686, 94, 13726021),
(686, 95, 4),
(686, 96, 2),
(686, 97, 2),
(686, 98, 4),
(686, 99, 4),
(686, 100, 4),
(688, 16, 87460),
(688, 89, 238),
(688, 90, 4474),
(688, 94, 7223887),
(688, 95, 16),
(688, 96, 4),
(688, 97, 4),
(688, 98, 16),
(688, 99, 16),
(688, 100, 16),
(690, 16, 460),
(690, 89, 176),
(690, 90, 0),
(690, 94, 87784),
(690, 95, 65),
(690, 96, 0),
(690, 97, 0),
(690, 98, 65),
(690, 99, 65),
(690, 100, 65),
(694, 16, 71620),
(694, 89, 6),
(694, 90, 0),
(694, 94, 5978727),
(694, 95, 19),
(694, 96, 0),
(694, 97, 0),
(694, 98, 19),
(694, 99, 19),
(694, 100, 19),
(702, 16, 700),
(702, 89, 148),
(702, 90, 8404),
(702, 94, 5312400),
(702, 95, 45),
(702, 96, 0),
(702, 97, 0),
(702, 98, 45),
(702, 99, 45),
(702, 100, 45),
(703, 16, 48088),
(703, 89, 363),
(703, 90, 5347),
(703, 94, 5410267),
(703, 95, 46),
(703, 96, 0),
(703, 97, 0),
(703, 98, 46),
(703, 99, 46),
(703, 100, 46),
(704, 16, 310070),
(704, 89, 13),
(704, 90, 1073),
(704, 94, 88775500),
(704, 95, 1),
(704, 96, 82),
(704, 97, 82),
(704, 98, 1),
(704, 99, 1),
(704, 100, 1),
(705, 16, 20140),
(705, 89, 566),
(705, 90, 6806),
(705, 94, 2058152),
(705, 95, 17),
(705, 96, 0),
(705, 97, 0),
(705, 98, 17),
(705, 99, 17),
(705, 100, 17),
(706, 16, 627340),
(706, 89, 0),
(706, 90, 0),
(706, 94, 10195134),
(706, 95, 0),
(706, 96, 3),
(706, 97, 3),
(706, 98, 0),
(706, 99, 0),
(706, 100, 0),
(710, 16, 1213090),
(710, 89, 165),
(710, 90, 4694),
(710, 94, 51189306),
(710, 95, 31),
(710, 96, 12),
(710, 97, 12),
(710, 98, 31),
(710, 99, 31),
(710, 100, 31),
(716, 16, 386850),
(716, 89, 114),
(716, 90, 757),
(716, 94, 13724317),
(716, 95, 14),
(716, 96, 4),
(716, 97, 4),
(716, 98, 14),
(716, 99, 14),
(716, 100, 14),
(724, 16, 498800),
(724, 89, 592),
(724, 90, 5597),
(724, 94, 46217961),
(724, 95, 17),
(724, 96, 32),
(724, 97, 32),
(724, 98, 17),
(724, 99, 17),
(724, 100, 17),
(728, 16, 0),
(728, 89, 0),
(728, 90, 0),
(728, 94, 10837527),
(728, 95, 0),
(728, 96, 0),
(728, 97, 0),
(728, 98, 0),
(728, 99, 0),
(728, 100, 0),
(729, 16, 2376000),
(729, 89, 27),
(729, 90, 143),
(729, 94, 37195349),
(729, 95, 2),
(729, 96, 37),
(729, 97, 37),
(729, 98, 2),
(729, 99, 2),
(729, 100, 2),
(740, 16, 156000),
(740, 89, 290),
(740, 90, 0),
(740, 94, 534541),
(740, 95, 4),
(740, 96, 0),
(740, 97, 0),
(740, 98, 4),
(740, 99, 4),
(740, 100, 4),
(748, 16, 17200),
(748, 89, 89),
(748, 90, 0),
(748, 94, 1230985),
(748, 95, 2),
(748, 96, 1),
(748, 97, 1),
(748, 98, 2),
(748, 99, 2),
(748, 100, 2),
(752, 16, 410340),
(752, 89, 519),
(752, 90, 14030),
(752, 94, 9516617),
(752, 95, 37),
(752, 96, 2),
(752, 97, 2),
(752, 98, 37),
(752, 99, 37),
(752, 100, 37),
(756, 16, 40000),
(756, 89, 566),
(756, 90, 7928),
(756, 94, 7997152),
(756, 95, 40),
(756, 96, 2),
(756, 97, 2),
(756, 98, 40),
(756, 99, 40),
(756, 100, 40),
(760, 16, 183630),
(760, 89, 73),
(760, 90, 1715),
(760, 94, 22399254),
(760, 95, 8),
(760, 96, 16),
(760, 97, 16),
(760, 98, 8),
(760, 99, 8),
(760, 100, 8),
(762, 16, 139960),
(762, 89, 38),
(762, 90, 1713),
(762, 94, 8008990),
(762, 95, 5),
(762, 96, 11),
(762, 97, 11),
(762, 98, 5),
(762, 99, 5),
(762, 100, 5),
(764, 16, 510890),
(764, 89, 156),
(764, 90, 2315),
(764, 94, 66785001),
(764, 95, 4),
(764, 96, 57),
(764, 97, 57),
(764, 98, 4),
(764, 99, 4),
(764, 100, 4),
(768, 16, 54390),
(768, 89, 2),
(768, 90, 103),
(768, 94, 6642928),
(768, 95, 52),
(768, 96, 0),
(768, 97, 0),
(768, 98, 52),
(768, 99, 52),
(768, 100, 52),
(776, 16, 720),
(776, 89, 0),
(776, 90, 0),
(776, 94, 104941),
(776, 95, 0),
(776, 96, 0),
(776, 97, 0),
(776, 98, 0),
(776, 99, 0),
(776, 100, 0),
(780, 16, 5130),
(780, 89, 353),
(780, 90, 6331),
(780, 94, 1337439),
(780, 95, 66),
(780, 96, 0),
(780, 97, 0),
(780, 98, 66),
(780, 99, 66),
(780, 100, 66),
(784, 16, 83600),
(784, 89, 313),
(784, 90, 9388),
(784, 94, 9205651),
(784, 95, 15),
(784, 96, 3),
(784, 97, 3),
(784, 98, 15),
(784, 99, 15),
(784, 100, 15),
(788, 16, 155360),
(788, 89, 124),
(788, 90, 1297),
(788, 94, 10777500),
(788, 95, 12),
(788, 96, 2),
(788, 97, 2),
(788, 98, 12),
(788, 99, 12),
(788, 100, 12),
(792, 16, 769630),
(792, 89, 154),
(792, 90, 2709),
(792, 94, 73997128),
(792, 95, 15),
(792, 96, 40),
(792, 97, 40),
(792, 98, 15),
(792, 99, 15),
(792, 100, 15),
(795, 16, 469930),
(795, 89, 106),
(795, 90, 2443),
(795, 94, 5172931),
(795, 95, 2),
(795, 96, 27),
(795, 97, 27),
(795, 98, 2),
(795, 99, 2),
(795, 100, 2),
(796, 16, 950),
(796, 89, 0),
(796, 90, 0),
(796, 94, 32427),
(796, 95, 0),
(796, 96, 0),
(796, 97, 0),
(796, 98, 0),
(796, 99, 0),
(796, 100, 0),
(798, 16, 30),
(798, 89, 0),
(798, 90, 0),
(798, 94, 9860),
(798, 95, 0),
(798, 96, 0),
(798, 97, 0),
(798, 98, 0),
(798, 99, 0),
(798, 100, 0),
(800, 16, 199810),
(800, 89, 8),
(800, 90, 0),
(800, 94, 36345860),
(800, 95, 47),
(800, 96, 0),
(800, 97, 0),
(800, 98, 47),
(800, 99, 47),
(800, 100, 47),
(804, 16, 579320),
(804, 89, 172),
(804, 90, 3662),
(804, 94, 45593300),
(804, 95, 12),
(804, 96, 38),
(804, 97, 38),
(804, 98, 12),
(804, 99, 12),
(804, 100, 12),
(807, 16, 25220),
(807, 89, 155),
(807, 90, 3880),
(807, 94, 2105575),
(807, 95, 21),
(807, 96, 1),
(807, 97, 1),
(807, 98, 21),
(807, 99, 21),
(807, 100, 21),
(818, 16, 995450),
(818, 89, 45),
(818, 90, 1742),
(818, 94, 80721874),
(818, 95, 7),
(818, 96, 68),
(818, 97, 68),
(818, 98, 7),
(818, 99, 7),
(818, 100, 7),
(826, 16, 241930),
(826, 89, 518),
(826, 90, 5516),
(826, 94, 63227526),
(826, 95, 57),
(826, 96, 12),
(826, 97, 12),
(826, 98, 57),
(826, 99, 57),
(826, 100, 57),
(833, 16, 570),
(833, 89, 0),
(833, 90, 0),
(833, 94, 85284),
(833, 95, 0),
(833, 96, 0),
(833, 97, 0),
(833, 98, 0),
(833, 99, 0),
(833, 100, 0),
(834, 16, 885800),
(834, 89, 7),
(834, 90, 92),
(834, 94, 47783107),
(834, 95, 10),
(834, 96, 5),
(834, 97, 5),
(834, 98, 10),
(834, 99, 10),
(834, 100, 10),
(840, 16, 9147420),
(840, 89, 797),
(840, 90, 13246),
(840, 94, 313914040),
(840, 95, 13),
(840, 96, 478),
(840, 97, 478),
(840, 98, 13),
(840, 99, 13),
(840, 100, 13),
(850, 16, 350),
(850, 89, 0),
(850, 90, 0),
(850, 94, 105275),
(850, 95, 65),
(850, 96, 0),
(850, 97, 0),
(850, 98, 65),
(850, 99, 65),
(850, 100, 65),
(854, 16, 273600),
(854, 89, 11),
(854, 90, 0),
(854, 94, 16460141),
(854, 95, 28),
(854, 96, 0),
(854, 97, 0),
(854, 98, 28),
(854, 99, 28),
(854, 100, 28),
(858, 16, 175020),
(858, 89, 200),
(858, 90, 2810),
(858, 94, 3395253),
(858, 95, 11),
(858, 96, 3),
(858, 97, 3),
(858, 98, 11),
(858, 99, 11),
(858, 100, 11),
(860, 16, 425400),
(860, 89, 0),
(860, 90, 1625),
(860, 94, 29776850),
(860, 95, 7),
(860, 96, 56),
(860, 97, 56),
(860, 98, 7),
(860, 99, 7),
(860, 100, 7),
(862, 16, 882050),
(862, 89, 147),
(862, 90, 3312),
(862, 94, 29954782),
(862, 95, 48),
(862, 96, 9),
(862, 97, 9),
(862, 98, 48),
(862, 99, 48),
(862, 100, 48),
(882, 16, 2830),
(882, 89, 77),
(882, 90, 0),
(882, 94, 188889),
(882, 95, 0),
(882, 96, 0),
(882, 97, 0),
(882, 98, 0),
(882, 99, 0),
(882, 100, 0),
(887, 16, 527970),
(887, 89, 35),
(887, 90, 193),
(887, 94, 23852409),
(887, 95, 7),
(887, 96, 3),
(887, 97, 3),
(887, 98, 7),
(887, 99, 7),
(887, 100, 7),
(894, 16, 743390),
(894, 89, 21),
(894, 90, 598),
(894, 94, 14075099),
(894, 95, 16),
(894, 96, 1),
(894, 97, 1),
(894, 98, 16),
(894, 99, 16),
(894, 100, 16);

-- --------------------------------------------------------

--
-- Table structure for table `dataset`
--

CREATE TABLE IF NOT EXISTS `dataset` (
  `id` int(11) NOT NULL AUTO_INCREMENT,
  `name` varchar(100) NOT NULL,
  `unit` varchar(100) NOT NULL,
  PRIMARY KEY (`id`),
  UNIQUE KEY `name` (`name`)
) ENGINE=InnoDB  DEFAULT CHARSET=latin1 AUTO_INCREMENT=101 ;

--
-- Dumping data for table `dataset`
--

INSERT INTO `dataset` (`id`, `name`, `unit`) VALUES
(16, 'Land Area', 'm2'),
(89, 'Motorvehicles', 'per 1000 people'),
(90, 'Electric power consumtion', 'kWh per capita'),
(94, 'Population total', 'people'),
(97, 'Water withdrawals total', 'billion square meters'),
(100, 'Water withdrawals domestic', 'perc of total');

-- --------------------------------------------------------

--
-- Table structure for table `user`
--

CREATE TABLE IF NOT EXISTS `user` (
  `userid` int(11) NOT NULL AUTO_INCREMENT,
  `email` varchar(140) NOT NULL,
  `password` text NOT NULL,
  `admin` tinyint(1) NOT NULL DEFAULT '0',
  PRIMARY KEY (`userid`),
  UNIQUE KEY `username` (`email`)
) ENGINE=InnoDB  DEFAULT CHARSET=latin1 AUTO_INCREMENT=7 ;

--
-- Dumping data for table `user`
--

INSERT INTO `user` (`userid`, `email`, `password`, `admin`) VALUES
(5, 'dsdeur@gmail.com', '$2y$10$WSRcTy8hMALjxCggQpcD5OIZk7/QSak5r673dz5IcbC3NCXvMxDHq', 1),
(6, 'admin@admin.com', '$2y$10$rHL0nqVvjJrx.virDLMEquyJNB4wBnPDM7JKxwdUFtkfDvwjvb5iG', 0);

/*!40101 SET CHARACTER_SET_CLIENT=@OLD_CHARACTER_SET_CLIENT */;
/*!40101 SET CHARACTER_SET_RESULTS=@OLD_CHARACTER_SET_RESULTS */;
/*!40101 SET COLLATION_CONNECTION=@OLD_COLLATION_CONNECTION */;
